[
{
    "fields": {
        "url": "gure-inguruan",
        "content": "<p>Kiroletik hau, hori eta hura da, blah blah blah blah.</p>\r\n\r\n<p>Kontaktatuan jartzeko:</p>\r\n\r\n<ul>\r\n\t<li>telefono zenbakiren bat</li>\r\n\t<li>eposta helbideren bat</li>\r\n</ul>\r\n\r\n<p>Zuri buruzko datu gehiago</p>\r\n\r\n<p><br />\r\n<img alt=\"kontakturako informazioa\" src=\"http://i1000.photobucket.com/albums/af123/kiroletik/unaioiartzun_zpseeeff6ed.jpg~original\" style=\"float:left; height:207px; width:300px\" /></p>\r\n\r\n<p>&nbsp;</p>\r\n",
        "published": true,
        "title": "Gure Inguruan"
    },
    "model": "flatpages.flatpage",
    "pk": 1
},
{
    "fields": {
        "active": true,
        "image": "banners/goiburua.jpg",
        "name": "Zaharra"
    },
    "model": "banners.banner",
    "pk": 1
},
{
    "fields": {
        "on_menu": true,
        "image": "images/sports/football.png",
        "name": "Futbola",
        "slug": "futbola"
    },
    "model": "sports.sport",
    "pk": 1
},
{
    "fields": {
        "on_menu": true,
        "image": "images/sports/handball.png",
        "name": "Eskubaloia",
        "slug": "eskubaloia"
    },
    "model": "sports.sport",
    "pk": 2
},
{
    "fields": {
        "on_menu": true,
        "image": "images/sports/rowing.png",
        "name": "Arrauna",
        "slug": "arrauna"
    },
    "model": "sports.sport",
    "pk": 3
},
{
    "fields": {
        "on_menu": true,
        "image": "images/sports/rugby.png",
        "name": "Errugbia",
        "slug": "errugbia"
    },
    "model": "sports.sport",
    "pk": 4
},
{
    "fields": {
        "on_menu": true,
        "image": "images/sports/table_tennis.png",
        "name": "Mahai tenisa",
        "slug": "mahai-tenisa"
    },
    "model": "sports.sport",
    "pk": 5
},
{
    "fields": {
        "on_menu": false,
        "image": "images/sports/basketball.png",
        "name": "Saskibaloia",
        "slug": "saskibaloia"
    },
    "model": "sports.sport",
    "pk": 6
},
{
    "fields": {
        "on_menu": false,
        "image": "images/sports/trialsin.png",
        "name": "Trialsina",
        "slug": "trialsina"
    },
    "model": "sports.sport",
    "pk": 7
},
{
    "fields": {
        "on_menu": false,
        "image": "images/sports/triathlon.png",
        "name": "Triatloia",
        "slug": "triatloia"
    },
    "model": "sports.sport",
    "pk": 8
},
{
    "fields": {
        "on_menu": false,
        "image": "images/sports/athletics.png",
        "name": "Atletismoa",
        "slug": "atletismoa"
    },
    "model": "sports.sport",
    "pk": 9
},
{
    "fields": {
        "on_menu": false,
        "image": "images/sports/automobilismoa.png",
        "name": "Automobilismoa",
        "slug": "automobilismoa"
    },
    "model": "sports.sport",
    "pk": 10
},
{
    "fields": {
        "on_menu": false,
        "image": "images/sports/swimming.png",
        "name": "Igeriketa",
        "slug": "igeriketa"
    },
    "model": "sports.sport",
    "pk": 11
},
{
    "fields": {
        "name": "Irun"
    },
    "model": "sports.town",
    "pk": 1
},
{
    "fields": {
        "name": "Hondarribia"
    },
    "model": "sports.town",
    "pk": 2
},
{
    "fields": {
        "slug": "erregionala",
        "sport": 1,
        "name": "Erregionala",
        "description": "<p>Erregionala blah eta blah eta blah da, oso aspergarria :-P</p>\r\n"
    },
    "model": "sports.championship",
    "pk": 1
},
{
    "fields": {
        "slug": "bigarren-maila",
        "sport": 1,
        "name": "Bigarren maila",
        "description": ""
    },
    "model": "sports.championship",
    "pk": 2
},
{
    "fields": {
        "date": "2014-10-09",
        "championship": 1,
        "name": "Derbia"
    },
    "model": "sports.season",
    "pk": 1
},
{
    "fields": {
        "date": "2014-10-05",
        "championship": 2,
        "name": ""
    },
    "model": "sports.season",
    "pk": 2
},
{
    "fields": {
        "date": "2014-09-29",
        "championship": 2,
        "name": ""
    },
    "model": "sports.season",
    "pk": 3
},
{
    "fields": {
        "town": null,
        "image": "",
        "sport": 1,
        "name": "Aretxabaleta K.E.",
        "description": ""
    },
    "model": "sports.team",
    "pk": 1
},
{
    "fields": {
        "town": null,
        "image": "",
        "sport": 1,
        "name": "Aurrera K.E.",
        "description": ""
    },
    "model": "sports.team",
    "pk": 2
},
{
    "fields": {
        "town": null,
        "image": "",
        "sport": 1,
        "name": "Ordizia K.E.",
        "description": ""
    },
    "model": "sports.team",
    "pk": 3
},
{
    "fields": {
        "town": null,
        "image": "",
        "sport": 1,
        "name": "Tolosa C.F.",
        "description": ""
    },
    "model": "sports.team",
    "pk": 4
},
{
    "fields": {
        "town": null,
        "image": "",
        "sport": 1,
        "name": "Hernani C.D.",
        "description": ""
    },
    "model": "sports.team",
    "pk": 5
},
{
    "fields": {
        "town": null,
        "image": "",
        "sport": 1,
        "name": "Martutene K.E.",
        "description": ""
    },
    "model": "sports.team",
    "pk": 6
},
{
    "fields": {
        "town": null,
        "image": "",
        "sport": 1,
        "name": "Elgoibar C.D.",
        "description": ""
    },
    "model": "sports.team",
    "pk": 7
},
{
    "fields": {
        "town": null,
        "image": "",
        "sport": 1,
        "name": "Anaitasuna C.D.",
        "description": ""
    },
    "model": "sports.team",
    "pk": 8
},
{
    "fields": {
        "town": null,
        "image": "",
        "sport": 1,
        "name": "Zarautz K.E.",
        "description": ""
    },
    "model": "sports.team",
    "pk": 9
},
{
    "fields": {
        "town": 1,
        "image": "",
        "sport": 1,
        "name": "Real Union Club SAD",
        "description": ""
    },
    "model": "sports.team",
    "pk": 10
},
{
    "fields": {
        "town": 2,
        "image": "",
        "sport": 1,
        "name": "Hondarribia K.E.",
        "description": ""
    },
    "model": "sports.team",
    "pk": 11
},
{
    "fields": {
        "town": null,
        "image": "",
        "sport": 1,
        "name": "Getafe B",
        "description": ""
    },
    "model": "sports.team",
    "pk": 12
},
{
    "fields": {
        "town": null,
        "image": "",
        "sport": 1,
        "name": "Barakaldo C.F.",
        "description": ""
    },
    "model": "sports.team",
    "pk": 13
},
{
    "fields": {
        "town": null,
        "image": "",
        "sport": 1,
        "name": "Guadalajara C.F",
        "description": ""
    },
    "model": "sports.team",
    "pk": 14
},
{
    "fields": {
        "town": null,
        "image": "",
        "sport": 1,
        "name": "Athetic Club B",
        "description": ""
    },
    "model": "sports.team",
    "pk": 15
},
{
    "fields": {
        "season": 1,
        "points": 12,
        "team": 1
    },
    "model": "sports.teamclassification",
    "pk": 1
},
{
    "fields": {
        "season": 1,
        "points": 9,
        "team": 2
    },
    "model": "sports.teamclassification",
    "pk": 2
},
{
    "fields": {
        "season": 1,
        "points": 9,
        "team": 3
    },
    "model": "sports.teamclassification",
    "pk": 3
},
{
    "fields": {
        "season": 1,
        "points": 8,
        "team": 4
    },
    "model": "sports.teamclassification",
    "pk": 4
},
{
    "fields": {
        "season": 1,
        "points": 7,
        "team": 5
    },
    "model": "sports.teamclassification",
    "pk": 5
},
{
    "fields": {
        "season": 1,
        "points": 7,
        "team": 6
    },
    "model": "sports.teamclassification",
    "pk": 6
},
{
    "fields": {
        "season": 1,
        "points": 6,
        "team": 7
    },
    "model": "sports.teamclassification",
    "pk": 7
},
{
    "fields": {
        "season": 1,
        "points": 6,
        "team": 8
    },
    "model": "sports.teamclassification",
    "pk": 8
},
{
    "fields": {
        "season": 1,
        "points": 5,
        "team": 9
    },
    "model": "sports.teamclassification",
    "pk": 9
},
{
    "fields": {
        "season": 1,
        "points": 3,
        "team": 10
    },
    "model": "sports.teamclassification",
    "pk": 10
},
{
    "fields": {
        "season": 1,
        "points": 1,
        "team": 11
    },
    "model": "sports.teamclassification",
    "pk": 11
},
{
    "fields": {
        "season": 2,
        "points": 16,
        "team": 13
    },
    "model": "sports.teamclassification",
    "pk": 12
},
{
    "fields": {
        "season": 2,
        "points": 14,
        "team": 12
    },
    "model": "sports.teamclassification",
    "pk": 13
},
{
    "fields": {
        "season": 2,
        "points": 13,
        "team": 14
    },
    "model": "sports.teamclassification",
    "pk": 14
},
{
    "fields": {
        "season": 2,
        "points": 12,
        "team": 15
    },
    "model": "sports.teamclassification",
    "pk": 15
},
{
    "fields": {
        "season": 2,
        "points": 8,
        "team": 10
    },
    "model": "sports.teamclassification",
    "pk": 16
},
{
    "fields": {
        "season": 3,
        "points": 16,
        "team": 13
    },
    "model": "sports.teamclassification",
    "pk": 17
},
{
    "fields": {
        "season": 3,
        "points": 12,
        "team": 14
    },
    "model": "sports.teamclassification",
    "pk": 18
},
{
    "fields": {
        "season": 3,
        "points": 11,
        "team": 12
    },
    "model": "sports.teamclassification",
    "pk": 19
},
{
    "fields": {
        "season": 3,
        "points": 10,
        "team": 15
    },
    "model": "sports.teamclassification",
    "pk": 20
},
{
    "fields": {
        "season": 3,
        "points": 8,
        "team": 10
    },
    "model": "sports.teamclassification",
    "pk": 21
},
{
    "fields": {
        "date": "2014-10-09",
        "season": 1
    },
    "model": "sports.match",
    "pk": 1
},
{
    "fields": {
        "date": "2014-10-05",
        "season": 2
    },
    "model": "sports.match",
    "pk": 2
},
{
    "fields": {
        "date": "2014-09-29",
        "season": 3
    },
    "model": "sports.match",
    "pk": 3
},
{
    "fields": {
        "points": 2,
        "match": 1,
        "team": 10
    },
    "model": "sports.teamresult",
    "pk": 1
},
{
    "fields": {
        "points": 1,
        "match": 1,
        "team": 11
    },
    "model": "sports.teamresult",
    "pk": 2
},
{
    "fields": {
        "points": 1,
        "match": 2,
        "team": 12
    },
    "model": "sports.teamresult",
    "pk": 3
},
{
    "fields": {
        "points": 0,
        "match": 2,
        "team": 10
    },
    "model": "sports.teamresult",
    "pk": 4
},
{
    "fields": {
        "points": 2,
        "match": 3,
        "team": 10
    },
    "model": "sports.teamresult",
    "pk": 5
},
{
    "fields": {
        "points": 0,
        "match": 3,
        "team": 15
    },
    "model": "sports.teamresult",
    "pk": 6
},
{
    "fields": {
        "content": "<div>Larunbatean jokatu zuten Real Union Bk eta Hondarribiak Ohorezko Erregionaleko derbi bidasoarra. Stadium Galen izan zen hitzordua, eta etxekoek lortu zituzten hiru puntuak. Hondarribiak eman zuen lehen kolpea, Oliverik aurretik jarri baitzituen berdeak 22.minutuan.</div>\r\n\r\n<div>&nbsp;</div>\r\n\r\n<div>Burumakur hartu zuten txuribeltzek aldagelarako bidea. Baina bigarren zatian, markagailuari buelta eman zioten. Pepek banakoa sartu zuen 57.ean, penalti zalantzagarria baliatuta. Lau minutu beranduago, Urbietak baloia sarera bidali zuen berriro, Patxi taldekidearen jokaldia borobilduta. Lanean segitu arren, Hondarribiak ez zuen binakoa lortu.</div>\r\n\r\n<div>&nbsp;</div>\r\n\r\n<div>Hori dela eta, sailkapeneko azken tokian gelditu da Koldo Aranbururen taldea. Lau jardunalditan puntu bat lortu duen talde bakarra da. Filial txuribeltzak, berrriz, arnasa hartu du lehen garaipenarekin. Asteburuan Hondarribiak Ordizia hartuko du Hondartzan (16:30). Union B Lesakan ariko da igandean, Beti Gazteren aurka (18:30).</div>\r\n\r\n<div><br />\r\n&nbsp;</div>\r\n",
        "title": "Irundarrek irabazi dute Erregionaleko derbia ",
        "image": "images/news/union_b-hondarribia.jpg",
        "highlighted": false,
        "published": "2014-10-09T12:18:16Z",
        "sport": 1,
        "slug": "irundarrek-irabazi-dute-erregionaleko-derbia",
        "match": 1
    },
    "model": "sports.news",
    "pk": 1
},
{
    "fields": {
        "content": "",
        "title": "Gola falta izan zaio Real Unioni",
        "image": "",
        "highlighted": false,
        "published": "2014-10-05T12:27:08Z",
        "sport": 1,
        "slug": "gola-falta-izan-zaio-real-unioni",
        "match": 2
    },
    "model": "sports.news",
    "pk": 2
},
{
    "fields": {
        "content": "<div><strong>REAL UNION: </strong>Otermin, Urkizu, Azkoiti, Sagastibeltza, Seguin, Rodellar, Eneko Romo, Mujika (Silas, 60&#39;), Juan Dominguez, Ozkoidi (Alonso, 70&#39;), Galan (Goikoetxea, 75&#39;).</div>\r\n\r\n<div><strong>ATLETICO DE MADRID B: </strong>Gil, Marin, Lucas, Aitor (Borja, 80&#39;), Tiri, Benja, Robles (Ian, 54&#39;), Pierre, Hector, Samuel, Keita (Ivi, 63&#39;).</div>\r\n\r\n<div><strong>GOLAK: </strong>1-0: Galan (8&#39;). 2-0: Juan Dominguez (24&#39;).</div>\r\n\r\n<div><strong>EPAILEA: </strong>L&oacute;pez Toca (Cantabria). Txartel horiak: Azkoiti, Rodellar eta Galan (Real Union); Tiri, Robles eta Ian (Atletico B).</div>\r\n\r\n<div>&nbsp;</div>\r\n\r\n<div>Azken jardunaldietako hobekuntzari jarraipena eman zion Real Unionek igandean Stadium Galen. Aletico de Madrid B menderatuta, denboraldiko bigarren garaipena eskuratu zuen. Abiada bizian irten ziren txuribeltzak Galeko berdegunera. Zortzigarren minuturako, abantaila hartu zuten markagailuan. Jorge Galanek sartu zuen gola, area kanpotik ezkerrez egindako jaurtiketa finarekin. Sasoi betean dago Erronkariko aurrelaria. Bost gol egin ditu lehen sei jardunaldietan.</div>\r\n\r\n<div>&nbsp;</div>\r\n\r\n<div>Baloiaren jabe izan zen Real Union partidako lehen hogei minutuetan. Eta Atletico egoerari buelta ematen hasi zitzaion momentuan, bigarren kolpea eman zuten etxekoek. Juan Dominguezek baloia sarera bidali zuen berriro, alboko saketik hasitako jokaldi bati amaiera emanez. Ezustekoa barneratu ondoren, aurrera egiten jarraitu zuen filial madrildarrak. Jokaldi arriskutsuak sortu zituen irundarren atearen inguruan. Baina saiakerak ondo kontrolatzea lortu zuen etxeko taldeak atsedenaldiaren aurretik.</div>\r\n\r\n<div>&nbsp;</div>\r\n\r\n<div>Bigarren zatian, partidak behera egin zuen ikuskizunaren aldetik. Hala ere, lan handia egin zuen Real Unionek abantailari eusteko. Aldagelatik bueltan Atleticok baloia bereganatu zuen, txuribeltzek atea defendatzean arreta jartzen zuten bitartean. Sendo aritu ziren atzelariak, eta taldekideen laguntza handia jaso zuten gainera. Aurrean lehen zatiko freskotasuna galdu zuen Unionek. Hori dela eta, ezin izan zuen hirugarren golarekin partida erabaki. Baina taldearen lanari eta esperientziari esker, partidaren hasierako eraginkortasunari etekina atera zion Zulaikaren taldeak. Ikusleen txalo zaparrada jaso zuten txuribeltzek partidaren amaieran.&nbsp;</div>\r\n",
        "title": "Bigarren partida irabazi du Real Unionek",
        "image": "images/news/IMG_20140928_171233.jpg",
        "highlighted": false,
        "published": "2014-09-29T12:32:38Z",
        "sport": 1,
        "slug": "bigarren-partida-irabazi-du-real-unionek",
        "match": 3
    },
    "model": "sports.news",
    "pk": 3
},
{
    "fields": {
        "active": true,
        "position": 0,
        "content": "<p><a href=\"https://twitter.com/Kiroletik_bloga\" title=\"Twitterrera esteka\">Jarraitu Kiroletik Twitterren!</a></p>\r\n",
        "name": "Twitterrera esteka"
    },
    "model": "widgets.widget",
    "pk": 1
},
{
    "fields": {
        "active": true,
        "position": 1,
        "content": "<p><a href=\"http://antxetamedia.info/\"><img alt=\"Antxetamedia\" src=\"http://i1000.photobucket.com/albums/af123/kiroletik/antxetairudia_zps9ccb014c.jpg~original\" style=\"height:344px; width:247px\" /></a></p>\r\n",
        "name": "Antxetamediara esteka"
    },
    "model": "widgets.widget",
    "pk": 2
}
]
